date,CVX,V,AVGO,MSFT,GOOG,AAPL,JNJ,HD,META,JPM,MA,AMZN,NVDA,XOM,GOOGL,UNH,TSLA,LLY,PG
2022-04-18,0.2517,0.2946,0.2744,0.236,0.2059,0.1404,0.3087,0.3008,0.2381,0.0899,0.2896,0.1888,0.1815,0.182,0.1927,0.3017,0.2279,0.2634,0.1695
2022-04-19,0.2569,0.3045,0.2826,0.2421,0.2057,0.1448,0.304,0.3095,0.2347,0.0946000000000001,0.3054,0.19,0.1814,0.1797,0.1908,0.3144,0.2232,0.2673,0.1703
2022-04-20,0.2438,0.3067,0.2716,0.2376,0.1948,0.1392,0.3053,0.2973,0.2308,0.0955,0.2866,0.1867,0.1799,0.176,0.1868,0.3121,0.2307,0.2661,0.1761
2022-04-21,0.238,0.3077,0.2736,0.2383,0.1957,0.1389,0.308,0.3085,0.2271,0.0969,0.2813,0.1897,0.182,0.1687,0.1876,0.3224,0.2375,0.2664,0.1766
2022-04-22,0.2318,0.3049,0.2733,0.2439,0.2003,0.1378,0.3046,0.3128,0.2282,0.0979,0.2813,0.1903,0.1816,0.1638,0.1924,0.3147,0.2358,0.2569,0.177
2022-04-25,0.2443,0.3103,0.2689,0.2446,0.2039,0.1508,0.3028,0.3107,0.2262,0.1014,0.2884,0.191,0.182,0.1647,0.1956,0.3179,0.2262,0.2548,0.1759
2022-04-26,0.228,0.3073,0.2618,0.2431,0.2046,0.1476,0.3055,0.2951,0.2305,0.0937,0.285,0.1918,0.1822,0.158,0.1948,0.3102,0.2162,0.2642,0.187
2022-04-27,0.2199,0.3084,0.2722,0.2422,0.2042,0.1456,0.3069,0.3013,0.2292,0.0931,0.2802,0.1935,0.1888,0.1475,0.192,0.3141,0.2185,0.2645,0.1925
2022-04-28,0.21,0.3023,0.2765,0.2354,0.2066,0.1374,0.31,0.3006,0.2306,0.0951,0.2747,0.1879,0.1898,0.1484,0.1935,0.3,0.2222,0.2574,0.1925
2022-04-29,0.2272,0.3035,0.2839,0.2337,0.2097,0.1363,0.3096,0.3082,0.2239,0.1045,0.2794,0.1848,0.1928,0.1514,0.1965,0.3051,0.2251,0.2514,0.1838
2022-05-02,0.2333,0.3065,0.2828,0.2362,0.2106,0.1352,0.3106,0.2981,0.2297,0.1133,0.2871,0.1824,0.1905,0.151,0.1998,0.3087,0.2299,0.2491,0.1823
2022-05-03,0.2475,0.3072,0.2831,0.2451,0.2096,0.139,0.3181,0.2999,0.2327,0.1235,0.2927,0.1884,0.1887,0.1547,0.1973,0.3163,0.2186,0.2509,0.1897
2022-05-04,0.2331,0.2939,0.2707,0.2418,0.2034,0.1303,0.3273,0.28,0.2459,0.1142,0.2744,0.1863,0.1845,0.1514,0.1958,0.3039,0.2084,0.2523,0.2039
2022-05-05,0.2236,0.3005,0.2779,0.2504,0.208,0.132,0.3376,0.2958,0.247,0.124,0.2756,0.1951,0.1925,0.1481,0.2,0.3038,0.2176,0.2503,0.2177
2022-05-06,0.2175,0.304,0.2865,0.2516,0.212,0.1269,0.333,0.3004,0.2383,0.1174,0.2814,0.1959,0.198,0.1488,0.2023,0.2986,0.226,0.2438,0.2165
2022-05-09,0.2396,0.3117,0.2993,0.2533,0.2126,0.1331,0.3238,0.3148,0.231,0.1164,0.2899,0.1956,0.202,0.1494,0.2075,0.3045,0.2344,0.2365,0.2151
2022-05-10,0.2457,0.3127,0.2984,0.2574,0.2135,0.1334,0.3192,0.3174,0.2311,0.125,0.2971,0.1994,0.2036,0.1496,0.2068,0.3049,0.2372,0.2369,0.2197
2022-05-11,0.25,0.3152,0.2987,0.2595,0.2107,0.1356,0.3269,0.3078,0.2247,0.1246,0.3026,0.2047,0.2008,0.1455,0.2039,0.3002,0.2292,0.2342,0.2258
2022-05-12,0.2438,0.3095,0.3018,0.2545,0.2138,0.1337,0.3368,0.2979,0.2342,0.1226,0.2994,0.1977,0.1989,0.1344,0.2056,0.2811,0.2239,0.2248,0.2352
2022-05-13,0.2444,0.3066,0.3015,0.2569,0.2182,0.1396,0.3426,0.3041,0.2314,0.1213,0.3022,0.1983,0.2043,0.1211,0.2063,0.272,0.2201,0.2208,0.2332
2022-05-16,0.2506,0.3087,0.2988,0.2618,0.2176,0.1402,0.3422,0.3034,0.2282,0.1298,0.304,0.1998,0.2037,0.1213,0.2064,0.2734,0.2265,0.2183,0.2345
2022-05-17,0.258,0.3107,0.3022,0.2523,0.2061,0.1454,0.3447,0.3113,0.2155,0.14,0.3121,0.2019,0.2041,0.1133,0.1955,0.2813,0.2208,0.2181,0.2327
2022-05-18,0.2527,0.3077,0.2892,0.2443,0.2033,0.1426,0.3379,0.2965,0.2196,0.1373,0.3045,0.2012,0.2032,0.104,0.1919,0.2764,0.2194,0.2156,0.2366
2022-05-19,0.2536,0.3119,0.2849,0.2516,0.2106,0.1443,0.3405,0.2993,0.2222,0.1477,0.3126,0.1985,0.2058,0.1067,0.1963,0.2824,0.2172,0.2177,0.241
2022-05-20,0.2361,0.3042,0.2679,0.2478,0.2036,0.1348,0.3425,0.274,0.2307,0.1368,0.2934,0.2007,0.2004,0.1059,0.1917,0.268,0.2077,0.2165,0.2439
2022-05-23,0.2302,0.3073,0.2646,0.2471,0.1989,0.1372,0.34,0.2774,0.2347,0.1323,0.2984,0.2081,0.1985,0.1046,0.1865,0.2707,0.2042,0.2165,0.2405
2022-05-24,0.2173,0.3086,0.2674,0.2423,0.1972,0.1348,0.3393,0.2865,0.2358,0.1335,0.2934,0.2046,0.1997,0.109,0.1852,0.2673,0.2099,0.2189,0.2427
2022-05-25,0.2186,0.306,0.2709,0.2373,0.1937,0.1343,0.3263,0.2873,0.2327,0.1294,0.2897,0.2037,0.2029,0.1037,0.1844,0.2676,0.2122,0.209,0.2336
2022-05-26,0.2275,0.3061,0.2805,0.2425,0.2014,0.1389,0.324,0.2986,0.2258,0.1312,0.2949,0.204,0.204,0.1135,0.1919,0.2737,0.2211,0.207,0.2337
2022-05-27,0.2302,0.3077,0.2808,0.2424,0.2062,0.143,0.3209,0.2968,0.2224,0.1381,0.3014,0.205,0.205,0.1164,0.194,0.2816,0.2194,0.21,0.2316
2022-05-31,0.2317,0.3069,0.2799,0.243,0.2106,0.1428,0.3258,0.2894,0.2317,0.1298,0.3089,0.2039,0.2022,0.1129,0.1982,0.2799,0.2228,0.2167,0.2457
2022-06-01,0.241,0.3095,0.2844,0.2485,0.2119,0.1483,0.3288,0.303,0.235,0.1407,0.3199,0.2047,0.2106,0.1157,0.1969,0.2896,0.2218,0.2191,0.2473
2022-06-02,0.2375,0.3056,0.2723,0.2431,0.2022,0.1462,0.3299,0.2934,0.2394,0.1486,0.3018,0.2053,0.2042,0.1171,0.1894,0.2841,0.2198,0.2142,0.2459
2022-06-03,0.2368,0.3099,0.2791,0.2459,0.2018,0.1467,0.3336,0.3045,0.2385,0.1585,0.2987,0.2077,0.2064,0.1244,0.1906,0.2912,0.2199,0.2135,0.2462
2022-06-06,0.2294,0.3088,0.2858,0.2499,0.2061,0.1441,0.3317,0.3053,0.2394,0.1593,0.3029,0.2117,0.2104,0.1253,0.1944,0.2903,0.2172,0.2094,0.2502
2022-06-07,0.2411,0.3157,0.2852,0.2559,0.2125,0.1498,0.332,0.3092,0.2376,0.1532,0.3028,0.2157,0.2126,0.1305,0.2001,0.2985,0.2159,0.2062,0.258
2022-06-08,0.234,0.3141,0.2839,0.2567,0.2111,0.1475,0.3314,0.3104,0.2431,0.1519,0.3047,0.2131,0.2143,0.1319,0.1997,0.2992,0.2112,0.216,0.2623
2022-06-09,0.2327,0.3124,0.2868,0.2588,0.2085,0.1519,0.3277,0.3121,0.2352,0.1483,0.3032,0.2165,0.2131,0.1268,0.1952,0.2991,0.2077,0.2093,0.2586
2022-06-10,0.2334,0.3095,0.2916,0.2602,0.2063,0.1507,0.3345,0.311,0.2342,0.1503,0.2976,0.2135,0.2108,0.1379,0.1945,0.2951,0.2097,0.2034,0.2628
2022-06-13,0.24,0.3125,0.2912,0.2625,0.2067,0.1504,0.3327,0.3093,0.2311,0.1505,0.3036,0.2207,0.2087,0.1394,0.1987,0.2928,0.206,0.2026,0.2555
2022-06-14,0.2403,0.3156,0.2951,0.2614,0.2111,0.1508,0.3305,0.3061,0.2338,0.1499,0.3117,0.224,0.2091,0.1423,0.2044,0.2954,0.2126,0.2032,0.2554
2022-06-15,0.2467,0.3221,0.2986,0.2613,0.2149,0.1603,0.3368,0.3184,0.2252,0.1522,0.3195,0.228,0.208,0.1499,0.2047,0.3039,0.2096,0.2107,0.2592
2022-06-16,0.2415,0.3179,0.2927,0.2495,0.2095,0.1522,0.3349,0.3099,0.2278,0.1464,0.3125,0.2231,0.2106,0.1501,0.201,0.2974,0.2028,0.21,0.26
2022-06-17,0.2435,0.3197,0.2959,0.252,0.2094,0.1517,0.3392,0.324,0.2246,0.1635,0.3185,0.2204,0.2121,0.1491,0.2016,0.3072,0.2003,0.2074,0.2584
2022-06-21,0.2403,0.3229,0.2901,0.2587,0.213,0.1527,0.3366,0.3196,0.2269,0.1656,0.3171,0.2172,0.2063,0.1524,0.2047,0.3038,0.205,0.204,0.2562
2022-06-22,0.2455,0.3212,0.2809,0.2518,0.2115,0.1593,0.3324,0.3119,0.2259,0.1571,0.3202,0.2251,0.2016,0.15,0.2001,0.3105,0.2031,0.2065,0.2566
2022-06-23,0.2272,0.314,0.2682,0.2525,0.209,0.1533,0.3341,0.2991,0.2325,0.1552,0.3061,0.2255,0.2008,0.1417,0.1975,0.3028,0.2052,0.2108,0.2655
2022-06-24,0.2207,0.318,0.2722,0.2581,0.2095,0.153,0.3357,0.3046,0.234,0.1595,0.3044,0.228,0.2053,0.1398,0.1987,0.3037,0.2024,0.2135,0.2639
2022-06-27,0.2026,0.3081,0.2705,0.2532,0.2096,0.1442,0.332,0.2887,0.2375,0.1502,0.2932,0.2249,0.2016,0.1422,0.1979,0.2823,0.202,0.2068,0.2672
2022-06-28,0.2115,0.3132,0.2797,0.257,0.2105,0.1503,0.3233,0.3134,0.228,0.1536,0.3045,0.2264,0.2091,0.1419,0.1974,0.2871,0.211,0.2094,0.2623
2022-06-29,0.215,0.3185,0.2799,0.2618,0.2099,0.1489,0.3166,0.3125,0.2249,0.1503,0.3186,0.222,0.2092,0.1433,0.1971,0.2974,0.2197,0.2087,0.2558
2022-06-30,0.2288,0.319,0.2903,0.2591,0.2104,0.1531,0.316,0.3221,0.2273,0.1571,0.3199,0.2191,0.2068,0.1439,0.1958,0.317,0.2232,0.2125,0.2534
2022-07-01,0.2239,0.3099,0.2829,0.2502,0.2089,0.1502,0.3164,0.3172,0.2339,0.1529,0.3009,0.2175,0.2054,0.1353,0.1961,0.3166,0.224,0.2138,0.2549
2022-07-05,0.2235,0.3149,0.2851,0.2545,0.2115,0.1574,0.3225,0.3253,0.2295,0.1641,0.3035,0.2182,0.2062,0.1379,0.1992,0.3251,0.2222,0.2182,0.2597
2022-07-06,0.2234,0.3144,0.2797,0.253,0.2105,0.1616,0.3271,0.3225,0.2297,0.1614,0.3072,0.2212,0.203,0.1392,0.2012,0.3192,0.2205,0.2204,0.2604
2022-07-07,0.2359,0.32,0.2799,0.2548,0.2071,0.1677,0.3218,0.3304,0.2333,0.1608,0.3175,0.2288,0.2072,0.1345,0.1977,0.3195,0.2188,0.2197,0.2554
2022-07-08,0.2322,0.3209,0.2774,0.255,0.2098,0.1621,0.3181,0.3229,0.2336,0.1668,0.3193,0.2312,0.2041,0.137,0.1969,0.3144,0.2167,0.2285,0.2607
2022-07-11,0.2281,0.3236,0.2798,0.2571,0.2124,0.1585,0.3221,0.3157,0.2336,0.1651,0.3153,0.2307,0.204,0.1393,0.2004,0.312,0.2145,0.2282,0.2632
2022-07-12,0.215,0.3217,0.2869,0.2628,0.2173,0.1598,0.3242,0.317,0.2375,0.1616,0.3125,0.2325,0.2044,0.1442,0.2061,0.3078,0.2148,0.2303,0.2705
2022-07-13,0.2127,0.323,0.2883,0.2675,0.2163,0.1617,0.3254,0.328,0.2352,0.1617,0.3134,0.2362,0.2059,0.1434,0.2026,0.311,0.2108,0.2296,0.2686
2022-07-14,0.216,0.3226,0.2885,0.2676,0.2181,0.1564,0.3228,0.3305,0.2395,0.1622,0.3169,0.2367,0.2044,0.147,0.2056,0.3081,0.2122,0.226,0.2678
2022-07-15,0.2196,0.3242,0.2882,0.2724,0.2209,0.1624,0.3194,0.3368,0.2327,0.1656,0.3265,0.2411,0.2058,0.1448,0.2064,0.3127,0.2087,0.2232,0.2591
2022-07-18,0.2146,0.3216,0.2779,0.2649,0.2142,0.1573,0.3196,0.3211,0.2364,0.171,0.3134,0.2413,0.2077,0.1431,0.2038,0.31,0.2126,0.2219,0.2581
2022-07-19,0.2082,0.321,0.2788,0.266,0.2148,0.157,0.322,0.3238,0.2327,0.1647,0.3107,0.2428,0.2094,0.1366,0.2043,0.3129,0.2132,0.2197,0.2568
2022-07-20,0.2046,0.3144,0.2781,0.2688,0.2246,0.1605,0.3189,0.3308,0.2412,0.164,0.3135,0.2452,0.2096,0.137,0.2093,0.3144,0.2157,0.2174,0.255
2022-07-21,0.2214,0.32,0.2798,0.2647,0.2238,0.1742,0.3184,0.3398,0.243,0.1706,0.3243,0.2479,0.2076,0.1423,0.2116,0.3181,0.2168,0.2199,0.2519
2022-07-22,0.2177,0.319,0.2827,0.2579,0.2198,0.1722,0.3155,0.3331,0.2435,0.1676,0.3176,0.2449,0.204,0.1362,0.2087,0.3138,0.2162,0.229,0.2519
2022-07-25,0.2199,0.3276,0.2885,0.263,0.2184,0.174,0.3153,0.3395,0.2345,0.1697,0.3267,0.2441,0.2028,0.1313,0.209,0.3187,0.2168,0.2287,0.2502
2022-07-26,0.2156,0.327,0.2908,0.2618,0.2202,0.1688,0.3186,0.3404,0.2327,0.1692,0.3139,0.2439,0.1968,0.1354,0.2108,0.3085,0.224,0.2253,0.2509
2022-07-27,0.2195,0.3234,0.29,0.2583,0.2192,0.1687,0.3187,0.343,0.2257,0.1674,0.3142,0.2499,0.1974,0.1331,0.211,0.3105,0.226,0.2286,0.2445
2022-07-28,0.2169,0.3261,0.2874,0.2629,0.2233,0.1696,0.3195,0.3372,0.2352,0.1653,0.3245,0.2553,0.1978,0.1315,0.2121,0.3127,0.2315,0.2275,0.2451
2022-07-29,0.2196,0.326,0.2838,0.2655,0.227,0.1707,0.3175,0.3356,0.2384,0.1721,0.3261,0.263,0.1972,0.1375,0.2093,0.3175,0.2184,0.2312,0.241
2022-08-01,0.2038,0.3151,0.2693,0.2592,0.2117,0.1609,0.3172,0.314,0.2463,0.1657,0.3081,0.2585,0.1949,0.1362,0.2021,0.31,0.2088,0.2395,0.2451
2022-08-02,0.195,0.3142,0.2729,0.2589,0.2107,0.161,0.3176,0.3224,0.2479,0.1796,0.3104,0.2587,0.1969,0.1356,0.2004,0.3166,0.2126,0.2426,0.2409
2022-08-03,0.1819,0.3128,0.2672,0.2579,0.2131,0.1551,0.3147,0.3149,0.2424,0.1737,0.311,0.2549,0.1969,0.132,0.2023,0.3042,0.2174,0.2324,0.2363
2022-08-04,0.2027,0.3207,0.276,0.2586,0.2222,0.1642,0.3039,0.326,0.2414,0.1766,0.3204,0.2522,0.199,0.1352,0.2125,0.3105,0.2232,0.227,0.2348
2022-08-05,0.199,0.3185,0.2715,0.2606,0.2208,0.1642,0.2961,0.3221,0.2385,0.178,0.3191,0.252,0.1987,0.1384,0.2124,0.3108,0.2231,0.231,0.2372
2022-08-08,0.1967,0.3201,0.2734,0.2643,0.2248,0.1719,0.2988,0.3211,0.2314,0.1736,0.3123,0.2596,0.1943,0.1423,0.2158,0.3147,0.2236,0.2342,0.2424
2022-08-09,0.1942,0.3199,0.2864,0.263,0.2319,0.1724,0.3019,0.3322,0.2461,0.1701,0.3126,0.2666,0.1981,0.1416,0.2238,0.3068,0.2274,0.2345,0.2506
2022-08-10,0.2085,0.3168,0.2942,0.2639,0.2336,0.1739,0.2903,0.3449,0.2412,0.1702,0.3136,0.2708,0.2047,0.136,0.2231,0.3031,0.2387,0.2347,0.2466
2022-08-11,0.233,0.3265,0.2978,0.2768,0.2358,0.1781,0.2937,0.353,0.2465,0.175,0.323,0.2667,0.2038,0.1483,0.2251,0.3173,0.2502,0.2386,0.246
2022-08-12,0.2444,0.3301,0.2962,0.2758,0.2265,0.1826,0.2978,0.3525,0.2497,0.1782,0.3292,0.2667,0.2001,0.1542,0.2156,0.3256,0.2431,0.2433,0.2439
2022-08-15,0.2397,0.3252,0.2914,0.2703,0.2236,0.1852,0.3038,0.3411,0.2502,0.1784,0.3215,0.2664,0.1971,0.1499,0.212,0.324,0.2473,0.2432,0.2496
2022-08-16,0.2396,0.3276,0.2929,0.2783,0.2312,0.1916,0.3156,0.3498,0.2461,0.1856,0.3252,0.2632,0.1997,0.1522,0.2174,0.3295,0.2476,0.2421,0.2557
2022-08-17,0.2319,0.3218,0.2869,0.2728,0.2321,0.1962,0.314,0.335,0.2487,0.1796,0.3234,0.2658,0.1958,0.1559,0.218,0.3191,0.2412,0.2423,0.2585
2022-08-18,0.2384,0.3283,0.2916,0.2716,0.2332,0.2017,0.3092,0.3435,0.2446,0.1817,0.3268,0.265,0.1983,0.1565,0.2181,0.3251,0.2377,0.2438,0.2534
2022-08-19,0.2373,0.3334,0.2921,0.2685,0.2333,0.1983,0.3007,0.3482,0.2434,0.1852,0.3322,0.2577,0.1969,0.166,0.2202,0.3265,0.2431,0.2502,0.2569
2022-08-22,0.242,0.3321,0.2849,0.2612,0.2252,0.1945,0.2999,0.3445,0.2424,0.1791,0.3275,0.2544,0.1934,0.1622,0.2173,0.3308,0.2458,0.2497,0.2528
2022-08-23,0.2364,0.3235,0.2838,0.2602,0.2277,0.1941,0.3027,0.3422,0.2466,0.1812,0.3241,0.2541,0.1934,0.1622,0.2204,0.3265,0.2496,0.2502,0.2548
2022-08-24,0.2364,0.3243,0.2823,0.2656,0.2264,0.1988,0.3037,0.3433,0.237,0.1829,0.3342,0.2561,0.195,0.1639,0.2186,0.3308,0.2451,0.2518,0.2509
2022-08-25,0.2225,0.3212,0.2695,0.2626,0.2268,0.1908,0.3038,0.3212,0.2452,0.1697,0.3292,0.2597,0.1895,0.1587,0.2167,0.323,0.2455,0.2512,0.2556
2022-08-26,0.2275,0.323,0.2777,0.2618,0.2294,0.1883,0.3071,0.3404,0.2419,0.1759,0.3321,0.2662,0.1954,0.1555,0.217,0.3258,0.2443,0.2587,0.2563
2022-08-29,0.2197,0.3167,0.2726,0.2566,0.2247,0.1799,0.3021,0.3334,0.2392,0.1796,0.3116,0.2625,0.1904,0.1577,0.2136,0.3169,0.2506,0.2546,0.2509
2022-08-30,0.2241,0.3208,0.2766,0.2555,0.2293,0.1789,0.3024,0.3375,0.2318,0.1871,0.3182,0.2632,0.1901,0.1629,0.2179,0.3183,0.257,0.2494,0.2478
2022-08-31,0.2227,0.3207,0.2811,0.2587,0.2359,0.1746,0.2982,0.3393,0.2314,0.1874,0.3128,0.2606,0.1875,0.1633,0.2238,0.3146,0.2582,0.243,0.2462
2022-09-01,0.2349,0.3229,0.2816,0.26,0.2387,0.1812,0.2984,0.3418,0.2315,0.1859,0.3179,0.2591,0.1859,0.1651,0.2283,0.3237,0.2576,0.2403,0.2487
2022-09-02,0.2276,0.3121,0.2757,0.2582,0.2395,0.1772,0.3029,0.3342,0.2402,0.1779,0.3096,0.2492,0.1818,0.1608,0.2288,0.3195,0.2508,0.2481,0.2546
2022-09-06,0.2289,0.3141,0.2787,0.2642,0.2369,0.1826,0.3037,0.3427,0.2373,0.1746,0.3123,0.254,0.1878,0.1583,0.2245,0.3241,0.2518,0.2469,0.2513
2022-09-07,0.2292,0.317,0.2857,0.2636,0.232,0.1822,0.307,0.3483,0.2299,0.179,0.3101,0.2492,0.1901,0.163,0.2238,0.3228,0.2609,0.2424,0.2523
2022-09-08,0.2382,0.3154,0.2883,0.2609,0.2308,0.1809,0.3008,0.3533,0.2209,0.1794,0.3148,0.2456,0.1875,0.1598,0.2234,0.3266,0.2615,0.2417,0.2441
2022-09-09,0.2509,0.3199,0.2883,0.2714,0.2333,0.1787,0.2982,0.3516,0.2218,0.1854,0.33,0.2427,0.1858,0.1634,0.2288,0.3328,0.2655,0.2405,0.2475
2022-09-12,0.2578,0.3216,0.2831,0.2723,0.2314,0.1811,0.3024,0.3483,0.2192,0.1949,0.3281,0.2457,0.1811,0.1728,0.2241,0.3332,0.2601,0.2532,0.2537
2022-09-13,0.2487,0.3149,0.2775,0.2677,0.2219,0.1719,0.3089,0.3338,0.2289,0.1864,0.3153,0.2427,0.1791,0.1678,0.2182,0.3218,0.2545,0.2551,0.2564
2022-09-14,0.2438,0.3188,0.285,0.277,0.2229,0.1744,0.316,0.3497,0.2322,0.1895,0.319,0.2376,0.182,0.1697,0.2171,0.3258,0.2581,0.2513,0.2576
2022-09-15,0.2421,0.3219,0.2839,0.2756,0.2293,0.1761,0.3122,0.3504,0.2323,0.1929,0.3195,0.2367,0.1836,0.1755,0.2211,0.3137,0.261,0.2425,0.2541
2022-09-16,0.2623,0.3295,0.2988,0.2726,0.2354,0.1848,0.3008,0.3682,0.2178,0.1903,0.3288,0.2391,0.1807,0.1828,0.2272,0.3251,0.2673,0.2436,0.2488
2022-09-19,0.2603,0.3305,0.2998,0.2719,0.2383,0.1858,0.2969,0.3709,0.2166,0.1899,0.337,0.2379,0.1793,0.183,0.2288,0.3317,0.2726,0.2539,0.2517
2022-09-20,0.2656,0.3297,0.2969,0.272,0.24,0.1841,0.2999,0.3694,0.2179,0.1893,0.331,0.2355,0.1749,0.1756,0.2265,0.3327,0.2699,0.2487,0.2527
2022-09-21,0.2589,0.3203,0.2934,0.2651,0.2399,0.176,0.3067,0.3642,0.2237,0.186,0.3135,0.2293,0.171,0.1765,0.2267,0.3223,0.2725,0.2464,0.2588
2022-09-22,0.2599,0.3205,0.2906,0.2626,0.2391,0.1814,0.3143,0.3693,0.2191,0.1874,0.3201,0.2288,0.1701,0.1727,0.2263,0.32,0.277,0.2466,0.2575
2022-09-23,0.2546,0.3179,0.2836,0.2614,0.2408,0.1789,0.3193,0.3561,0.219,0.1855,0.3283,0.2308,0.1666,0.1741,0.2282,0.3168,0.2877,0.2442,0.2574
2022-09-26,0.2613,0.3227,0.2965,0.2661,0.2361,0.1797,0.3208,0.3687,0.2169,0.1914,0.3295,0.2338,0.1701,0.1752,0.2265,0.3292,0.2861,0.2463,0.2583
2022-09-27,0.2489,0.3141,0.2853,0.2591,0.2306,0.1708,0.3116,0.3577,0.2194,0.1837,0.3119,0.2357,0.1652,0.1718,0.2216,0.3206,0.2881,0.2409,0.2592
2022-09-28,0.2535,0.3167,0.291,0.2651,0.2287,0.1731,0.3129,0.3669,0.2167,0.1841,0.3142,0.2288,0.1644,0.1745,0.2198,0.3309,0.2855,0.2383,0.2586
2022-09-29,0.2462,0.3132,0.2894,0.2661,0.2283,0.1717,0.3124,0.361,0.2232,0.1798,0.3105,0.2242,0.1599,0.1714,0.2198,0.3252,0.282,0.2374,0.263
2022-09-30,0.2502,0.3124,0.2833,0.2634,0.2245,0.1744,0.3066,0.3585,0.2211,0.1788,0.3127,0.2271,0.1628,0.166,0.2164,0.3294,0.2778,0.2359,0.2601
2022-10-03,0.2467,0.3139,0.2806,0.2647,0.2276,0.1718,0.3077,0.3574,0.2164,0.1833,0.308,0.2239,0.1595,0.1676,0.2161,0.3328,0.2814,0.2414,0.2611
2022-10-04,0.2385,0.3147,0.2797,0.2559,0.2281,0.1708,0.3064,0.3481,0.2108,0.1799,0.3047,0.2217,0.165,0.1641,0.217,0.326,0.2814,0.2421,0.2582
2022-10-05,0.2358,0.311,0.2881,0.2568,0.2318,0.1694,0.31,0.344,0.2134,0.1764,0.3007,0.2208,0.1712,0.1614,0.2203,0.3152,0.2838,0.2412,0.2659
2022-10-06,0.2514,0.3212,0.2953,0.2702,0.2408,0.1719,0.3107,0.3583,0.2096,0.1821,0.3153,0.2216,0.1821,0.1725,0.2292,0.3272,0.282,0.2411,0.2644
2022-10-07,0.2541,0.3228,0.2871,0.2719,0.2326,0.1703,0.3067,0.3472,0.2233,0.1804,0.3271,0.2233,0.1779,0.1795,0.2253,0.3259,0.2809,0.2442,0.2638
2022-10-10,0.261,0.3266,0.292,0.2764,0.235,0.1769,0.3085,0.3622,0.2249,0.1906,0.3413,0.2215,0.1765,0.1825,0.2228,0.3305,0.2828,0.2447,0.2612
2022-10-11,0.2542,0.327,0.285,0.2722,0.2279,0.1747,0.3095,0.3561,0.2267,0.1917,0.3303,0.2152,0.1762,0.1831,0.2198,0.3235,0.2833,0.2424,0.2634
2022-10-12,0.2506,0.3249,0.2826,0.2702,0.2266,0.1749,0.3124,0.3566,0.2264,0.1885,0.3212,0.216,0.1707,0.1835,0.2211,0.3207,0.2863,0.2347,0.2634
2022-10-13,0.2508,0.3186,0.2902,0.2779,0.2302,0.1729,0.3135,0.3722,0.2294,0.1866,0.3108,0.2211,0.1738,0.1874,0.2257,0.3205,0.2901,0.2317,0.2564
2022-10-14,0.2563,0.3201,0.291,0.2757,0.229,0.1777,0.3131,0.3734,0.229,0.1863,0.313,0.2277,0.1716,0.1899,0.2246,0.3247,0.2939,0.2275,0.2566
2022-10-17,0.2586,0.3226,0.2935,0.2744,0.2308,0.1739,0.3189,0.3712,0.2278,0.1785,0.316,0.2228,0.1795,0.1877,0.2248,0.3251,0.2935,0.2307,0.2663
2022-10-18,0.26,0.3216,0.3023,0.2742,0.2297,0.1714,0.3121,0.3721,0.2171,0.1739,0.3201,0.2179,0.1806,0.1802,0.2227,0.3202,0.2973,0.228,0.258
2022-10-19,0.264,0.3247,0.313,0.2762,0.2297,0.1706,0.3165,0.3743,0.2154,0.1761,0.3174,0.2126,0.1722,0.1855,0.2225,0.3171,0.3048,0.2277,0.2599
2022-10-20,0.2665,0.3232,0.3064,0.2756,0.2273,0.1685,0.3206,0.3735,0.2093,0.1715,0.3172,0.215,0.1657,0.1777,0.2197,0.3194,0.3012,0.2311,0.2549
2022-10-21,0.275,0.329,0.2991,0.2793,0.2334,0.166,0.3182,0.3704,0.2188,0.1769,0.326,0.2162,0.1656,0.1743,0.2244,0.3181,0.3049,0.2257,0.2559
2022-10-24,0.2798,0.3342,0.2902,0.2811,0.2342,0.177,0.3238,0.3746,0.2173,0.184,0.3306,0.2183,0.1622,0.1752,0.2224,0.324,0.2988,0.228,0.2567
2022-10-25,0.2619,0.3245,0.2669,0.2712,0.2252,0.1673,0.3266,0.3464,0.2274,0.178,0.3181,0.2119,0.1544,0.1713,0.2193,0.3085,0.2941,0.2279,0.2647
2022-10-26,0.2498,0.3237,0.2624,0.2704,0.2263,0.1669,0.3291,0.356,0.2213,0.1828,0.3204,0.2083,0.1535,0.1673,0.2177,0.324,0.2934,0.2254,0.2696
2022-10-27,0.2295,0.3196,0.2495,0.271,0.2257,0.1581,0.3276,0.3419,0.2269,0.1801,0.3153,0.2061,0.1488,0.1703,0.2169,0.3161,0.2973,0.2119,0.2689
2022-10-28,0.2463,0.3235,0.2584,0.2689,0.2278,0.1604,0.3181,0.3495,0.2377,0.1816,0.3232,0.2036,0.1474,0.173,0.2187,0.3187,0.3053,0.2043,0.2587
2022-10-31,0.2366,0.317,0.2544,0.2695,0.2272,0.1597,0.3107,0.3397,0.2516,0.1833,0.3165,0.2024,0.1418,0.1725,0.216,0.3156,0.3077,0.1988,0.2569
2022-11-01,0.2403,0.3176,0.2604,0.27,0.2207,0.162,0.3122,0.3387,0.2506,0.1963,0.3082,0.2052,0.1411,0.1766,0.2124,0.3161,0.3061,0.192,0.2588
2022-11-02,0.2277,0.308,0.2672,0.2635,0.2247,0.1579,0.3152,0.3322,0.2528,0.1945,0.3045,0.2035,0.1376,0.1764,0.2182,0.2992,0.3055,0.1846,0.26
2022-11-03,0.2429,0.3129,0.2804,0.2672,0.2281,0.158,0.3123,0.3543,0.2524,0.2006,0.3136,0.2044,0.1422,0.1673,0.2218,0.3003,0.3129,0.1814,0.2572
2022-11-04,0.2574,0.3192,0.2822,0.2705,0.2321,0.1551,0.3109,0.3602,0.2538,0.2019,0.318,0.2034,0.1405,0.1727,0.2223,0.301,0.3249,0.184,0.2585
2022-11-07,0.2734,0.3239,0.2914,0.2744,0.2314,0.157,0.3116,0.372,0.255,0.2061,0.3267,0.2027,0.1389,0.179,0.2193,0.3115,0.3214,0.187,0.2592
2022-11-08,0.2718,0.3231,0.2833,0.2728,0.2255,0.1569,0.3151,0.3642,0.2618,0.2055,0.3213,0.2014,0.1368,0.1796,0.2166,0.3111,0.3191,0.1917,0.2653
2022-11-09,0.2768,0.3339,0.2828,0.2803,0.2301,0.1591,0.3252,0.3711,0.2649,0.2121,0.3318,0.2007,0.1391,0.1843,0.2197,0.3158,0.3152,0.1977,0.2702
2022-11-10,0.2685,0.3304,0.2737,0.281,0.2321,0.1548,0.3235,0.3581,0.2769,0.2054,0.3375,0.2021,0.1375,0.1863,0.2208,0.2998,0.3038,0.1934,0.2728
2022-11-11,0.2697,0.3436,0.2742,0.2819,0.2323,0.1642,0.3254,0.3643,0.2789,0.2048,0.3412,0.2077,0.136,0.1882,0.2234,0.3006,0.3027,0.195,0.2752
2022-11-14,0.2536,0.3413,0.2724,0.2788,0.2328,0.1579,0.3223,0.3625,0.2838,0.2037,0.3344,0.2067,0.1341,0.1877,0.2234,0.3007,0.3058,0.2041,0.2753
2022-11-15,0.2484,0.3377,0.2788,0.2756,0.2353,0.1526,0.3222,0.3611,0.284,0.1918,0.3279,0.2039,0.1334,0.1806,0.226,0.2966,0.3075,0.2005,0.2753
2022-11-16,0.2482,0.3332,0.284,0.2757,0.2442,0.1547,0.3223,0.3646,0.2885,0.1914,0.3282,0.2013,0.1348,0.1843,0.2331,0.2899,0.311,0.1949,0.2758
2022-11-17,0.2491,0.3288,0.2777,0.2721,0.2473,0.1605,0.32,0.3606,0.2793,0.1881,0.3336,0.1973,0.1317,0.1855,0.2342,0.2896,0.3073,0.1936,0.2694
2022-11-18,0.2516,0.3302,0.2785,0.2717,0.2423,0.1533,0.3257,0.3539,0.289,0.1826,0.3324,0.2,0.13,0.1848,0.2314,0.2884,0.3089,0.1959,0.2739
2022-11-21,0.249,0.3263,0.2766,0.2711,0.2344,0.1474,0.3282,0.3539,0.2913,0.1896,0.3352,0.1999,0.1285,0.1823,0.2242,0.2802,0.3046,0.1954,0.2724
2022-11-22,0.2497,0.3228,0.2672,0.2701,0.2267,0.1418,0.331,0.346,0.2989,0.1978,0.3187,0.1977,0.1303,0.1922,0.2213,0.2693,0.3089,0.1946,0.2707
2022-11-23,0.2465,0.3228,0.2659,0.271,0.2235,0.1441,0.3301,0.3508,0.2993,0.2042,0.3197,0.2018,0.1283,0.2049,0.2196,0.2714,0.3131,0.1973,0.2639
2022-11-25,0.2423,0.3213,0.2682,0.2771,0.229,0.1437,0.3237,0.3475,0.298,0.1957,0.3256,0.2036,0.1284,0.2054,0.2225,0.266,0.3155,0.2046,0.2645
2022-11-28,0.2567,0.3241,0.274,0.282,0.2367,0.1497,0.319,0.3567,0.2951,0.197,0.3331,0.201,0.1235,0.2074,0.2264,0.2804,0.3102,0.223,0.2687
2022-11-29,0.2488,0.3223,0.2662,0.2792,0.2301,0.1445,0.317,0.3448,0.3018,0.1951,0.3244,0.1928,0.1167,0.2061,0.2223,0.2725,0.308,0.2466,0.2806
2022-11-30,0.2474,0.3243,0.2724,0.2815,0.2302,0.1479,0.3205,0.3551,0.2904,0.1897,0.3245,0.1945,0.117,0.1975,0.2192,0.2784,0.3113,0.2471,0.2767
2022-12-01,0.2413,0.3255,0.2733,0.2836,0.2312,0.1445,0.3241,0.3502,0.2958,0.1865,0.3207,0.191,0.1179,0.1925,0.222,0.267,0.3166,0.2361,0.2759
2022-12-02,0.2514,0.3255,0.2698,0.2767,0.2289,0.1401,0.3189,0.3558,0.2941,0.1865,0.3204,0.1931,0.1188,0.1868,0.2207,0.2667,0.3169,0.2321,0.2662
2022-12-05,0.2545,0.3287,0.2673,0.2829,0.2353,0.1386,0.3179,0.3484,0.2989,0.1874,0.3352,0.1984,0.1199,0.1917,0.224,0.2634,0.3194,0.2236,0.2678
2022-12-06,0.2564,0.3314,0.2731,0.2811,0.237,0.1438,0.3213,0.3471,0.2996,0.1919,0.3457,0.2014,0.12,0.2026,0.2225,0.2692,0.3118,0.2246,0.2702
2022-12-07,0.2414,0.3243,0.2651,0.2713,0.2305,0.137,0.3245,0.3337,0.3038,0.189,0.3292,0.1973,0.1211,0.1973,0.2173,0.2553,0.3036,0.2214,0.274
2022-12-08,0.2433,0.3285,0.2766,0.2783,0.2335,0.1377,0.3253,0.3548,0.2985,0.2009,0.3312,0.1863,0.1278,0.1988,0.2193,0.2605,0.307,0.2174,0.2763
2022-12-09,0.2494,0.3297,0.2771,0.2798,0.233,0.1367,0.3209,0.3558,0.3032,0.2068,0.3325,0.1821,0.123,0.2091,0.2215,0.2615,0.3123,0.2057,0.269
2022-12-12,0.2688,0.3339,0.2766,0.2765,0.2301,0.1401,0.3177,0.3561,0.3078,0.201,0.3395,0.188,0.1215,0.2108,0.2207,0.2708,0.3141,0.2031,0.2643
2022-12-13,0.2631,0.3336,0.2738,0.2801,0.2308,0.1369,0.3175,0.3474,0.3136,0.1959,0.3459,0.1886,0.1206,0.2086,0.2213,0.2694,0.3138,0.2127,0.2721
2022-12-14,0.2572,0.3335,0.2683,0.2832,0.2258,0.1347,0.3263,0.3415,0.3067,0.1844,0.3297,0.1944,0.1197,0.1993,0.2148,0.2687,0.3141,0.2142,0.2785
2022-12-15,0.2488,0.3244,0.2713,0.2772,0.2274,0.1265,0.3326,0.3379,0.31,0.1722,0.3206,0.1981,0.1171,0.2012,0.2143,0.2569,0.3151,0.2123,0.2844
2022-12-16,0.2522,0.3275,0.2814,0.2794,0.2313,0.1302,0.3281,0.3559,0.3107,0.1731,0.3315,0.2005,0.1227,0.1921,0.2151,0.2521,0.3236,0.2116,0.2761
2022-12-19,0.2677,0.3405,0.2865,0.2831,0.2335,0.1301,0.3242,0.3563,0.3152,0.1752,0.3469,0.1953,0.1219,0.2009,0.2186,0.2598,0.3353,0.202,0.2727
2022-12-20,0.2844,0.3434,0.2849,0.28,0.2294,0.137,0.3244,0.3633,0.3132,0.1754,0.3541,0.1927,0.1167,0.2024,0.2149,0.277,0.3316,0.201,0.2677
2022-12-21,0.2748,0.3346,0.2692,0.2757,0.2217,0.133,0.3283,0.3469,0.3158,0.1751,0.3358,0.1934,0.114,0.1967,0.2091,0.2737,0.3249,0.2029,0.2718
2022-12-22,0.2636,0.3357,0.2653,0.2788,0.2284,0.1394,0.3412,0.3461,0.3064,0.1827,0.3386,0.1884,0.1146,0.1969,0.2139,0.2729,0.3188,0.2058,0.2779
2022-12-23,0.2488,0.3299,0.2566,0.2825,0.2377,0.1377,0.3407,0.3317,0.3216,0.1789,0.3396,0.1913,0.118,0.1993,0.2223,0.2544,0.3137,0.2005,0.28
2022-12-27,0.2572,0.3329,0.2576,0.2816,0.2326,0.1447,0.3317,0.3413,0.3206,0.1827,0.3473,0.1999,0.125,0.1984,0.2208,0.2561,0.3112,0.198,0.2761
2022-12-28,0.256,0.333,0.2534,0.2811,0.2303,0.1422,0.3217,0.3391,0.3176,0.1857,0.3413,0.2005,0.129,0.2015,0.2173,0.2548,0.3087,0.2044,0.2752
2022-12-29,0.2596,0.336,0.2573,0.2795,0.2273,0.1394,0.3177,0.3358,0.3077,0.1814,0.3478,0.1961,0.132,0.2021,0.2188,0.2586,0.3045,0.2056,0.2731
2022-12-30,0.2529,0.3346,0.2543,0.2756,0.2263,0.1307,0.3205,0.3249,0.305,0.1761,0.3327,0.1922,0.1343,0.199,0.217,0.2495,0.306,0.1995,0.2777
2023-01-03,0.2555,0.3375,0.2571,0.2837,0.2279,0.132,0.3257,0.3342,0.3044,0.1789,0.3336,0.1954,0.137,0.205,0.2158,0.2542,0.3049,0.2065,0.2779
2023-01-04,0.2557,0.3354,0.2554,0.29,0.2259,0.1308,0.3249,0.3252,0.3171,0.1748,0.3389,0.194,0.1381,0.2078,0.2167,0.2541,0.3062,0.2041,0.2744
2023-01-05,0.2648,0.3355,0.2593,0.2902,0.2231,0.1344,0.3207,0.3366,0.3178,0.1776,0.3444,0.198,0.1414,0.2054,0.2094,0.2611,0.3028,0.2023,0.2692
2023-01-06,0.2647,0.3372,0.2545,0.2852,0.2146,0.1302,0.3207,0.3332,0.3201,0.1774,0.3384,0.1983,0.1426,0.2058,0.2028,0.2524,0.3087,0.2024,0.2676
2023-01-09,0.2669,0.3423,0.2694,0.2854,0.218,0.13,0.3259,0.3387,0.321,0.175,0.3406,0.1938,0.1444,0.2086,0.2069,0.2631,0.3148,0.2049,0.2724
2023-01-10,0.2618,0.3407,0.2706,0.2914,0.2248,0.1371,0.3284,0.3363,0.3249,0.1745,0.3399,0.1935,0.1489,0.2091,0.2143,0.2609,0.3206,0.2074,0.278
2023-01-11,0.2761,0.3434,0.2714,0.2915,0.2237,0.147,0.3284,0.3435,0.3208,0.1773,0.3437,0.2008,0.1508,0.2168,0.2131,0.2756,0.317,0.2088,0.2794
2023-01-12,0.2702,0.3418,0.2714,0.2891,0.2157,0.1465,0.3335,0.3391,0.3141,0.1781,0.3492,0.1975,0.1518,0.2116,0.2064,0.2715,0.3112,0.214,0.2823
2023-01-13,0.2778,0.3392,0.2751,0.2903,0.2191,0.1483,0.3326,0.3371,0.3049,0.1721,0.3568,0.1933,0.157,0.2068,0.2066,0.269,0.3095,0.2112,0.2763
2023-01-17,0.272,0.3349,0.2722,0.2901,0.2208,0.147,0.3382,0.3229,0.3045,0.1713,0.3473,0.1919,0.1607,0.2116,0.2066,0.26,0.3082,0.2093,0.2795
2023-01-18,0.2666,0.3297,0.2664,0.2861,0.2175,0.1435,0.3416,0.3135,0.3002,0.1607,0.3294,0.1953,0.1646,0.207,0.2033,0.2592,0.3081,0.21,0.2767
2023-01-19,0.2579,0.3245,0.2623,0.2892,0.2212,0.1427,0.3415,0.2993,0.3032,0.1577,0.3328,0.1998,0.1694,0.2034,0.2066,0.2602,0.3125,0.2089,0.2763
2023-01-20,0.2557,0.3251,0.2607,0.2934,0.2242,0.1516,0.339,0.2992,0.304,0.1633,0.3368,0.1982,0.1756,0.2062,0.2062,0.2618,0.3086,0.2137,0.2734
2023-01-23,0.2449,0.3152,0.2428,0.2842,0.2138,0.1478,0.3353,0.272,0.3118,0.1586,0.3163,0.1933,0.181,0.2046,0.1997,0.2471,0.3017,0.2128,0.2701
2023-01-24,0.2359,0.3187,0.2454,0.2906,0.2113,0.154,0.3356,0.2765,0.2993,0.1548,0.3198,0.1897,0.1879,0.2026,0.1965,0.253,0.299,0.2116,0.2688
2023-01-25,0.2171,0.3179,0.2461,0.2906,0.2121,0.1562,0.3365,0.2671,0.302,0.1486,0.3202,0.1862,0.1902,0.2016,0.1974,0.2512,0.3001,0.2067,0.2638
2023-01-26,0.2285,0.3226,0.2523,0.2839,0.213,0.1616,0.3305,0.2735,0.3065,0.1476,0.3247,0.1902,0.1962,0.1965,0.2016,0.2582,0.302,0.202,0.258
2023-01-27,0.2357,0.3248,0.2577,0.2861,0.2171,0.1632,0.3239,0.2804,0.3057,0.1552,0.331,0.1927,0.2023,0.1999,0.2031,0.2671,0.305,0.2038,0.2504
2023-01-30,0.2395,0.3245,0.2558,0.2819,0.2096,0.1715,0.3231,0.2707,0.2947,0.1606,0.329,0.1904,0.2032,0.2015,0.1984,0.2794,0.3009,0.2055,0.2353
2023-01-31,0.2392,0.3183,0.2556,0.2759,0.2063,0.1716,0.3242,0.2578,0.2997,0.1528,0.3234,0.1918,0.2033,0.2008,0.1965,0.2684,0.2943,0.2101,0.2315
2023-02-01,0.246,0.3171,0.2564,0.2778,0.207,0.1724,0.327,0.2552,0.2963,0.1518,0.3321,0.1907,0.2087,0.1935,0.1949,0.2649,0.288,0.2164,0.2207
2023-02-02,0.249,0.3204,0.2488,0.285,0.2108,0.1698,0.3312,0.2382,0.3066,0.1527,0.3313,0.1876,0.2097,0.2011,0.1985,0.2614,0.2904,0.2108,0.2101
2023-02-03,0.2502,0.3239,0.2576,0.2839,0.2108,0.1761,0.3395,0.2438,0.3071,0.1584,0.3375,0.1882,0.2166,0.2067,0.1944,0.2679,0.2822,0.22,0.1957
2023-02-06,0.2384,0.3206,0.2582,0.2822,0.2081,0.1754,0.3383,0.2371,0.3146,0.1582,0.318,0.1905,0.2228,0.2072,0.1945,0.2596,0.2751,0.2205,0.2006
2023-02-07,0.2437,0.3237,0.2661,0.286,0.2127,0.1809,0.3407,0.2555,0.3083,0.1628,0.3215,0.186,0.2289,0.2129,0.1983,0.2706,0.2679,0.2221,0.2054
2023-02-08,0.2414,0.3179,0.263,0.2879,0.2135,0.1774,0.3361,0.2498,0.3048,0.1573,0.3201,0.1807,0.2278,0.2174,0.2021,0.2676,0.2576,0.2188,0.1983
2023-02-09,0.2468,0.3205,0.263,0.2846,0.2187,0.1842,0.3303,0.2531,0.2963,0.1562,0.324,0.1812,0.2277,0.2112,0.2058,0.276,0.2628,0.2221,0.1971
2023-02-10,0.2373,0.3143,0.2596,0.2821,0.2182,0.1822,0.3335,0.2461,0.2996,0.157,0.3133,0.1714,0.2281,0.206,0.2053,0.2764,0.2688,0.2289,0.2018
2023-02-13,0.2367,0.311,0.2594,0.2784,0.2128,0.1828,0.3335,0.2416,0.3021,0.1483,0.3093,0.1708,0.2249,0.2008,0.2022,0.2772,0.2669,0.2188,0.1995
2023-02-14,0.2396,0.3092,0.2678,0.2765,0.2118,0.1906,0.3386,0.2442,0.3092,0.156,0.3121,0.1695,0.2218,0.2029,0.2039,0.2698,0.2726,0.2104,0.2011
2023-02-15,0.25,0.314,0.2692,0.2788,0.2111,0.1987,0.3369,0.2492,0.3053,0.1569,0.3243,0.1735,0.2273,0.2043,0.2024,0.2699,0.2724,0.2104,0.2005
2023-02-16,0.2543,0.3223,0.2649,0.2835,0.2151,0.1959,0.3352,0.2432,0.3032,0.1495,0.3387,0.1776,0.2312,0.2044,0.2047,0.2711,0.2748,0.2144,0.2085
2023-02-17,0.2514,0.3232,0.2653,0.2868,0.2131,0.1969,0.3375,0.2491,0.2982,0.1514,0.3412,0.1787,0.2322,0.201,0.1997,0.2757,0.274,0.2148,0.2086
2023-02-21,0.2467,0.3163,0.2558,0.2831,0.207,0.1931,0.3384,0.238,0.2935,0.1571,0.3232,0.1782,0.2296,0.2042,0.1967,0.2696,0.2822,0.2177,0.2135
2023-02-22,0.2422,0.3127,0.252,0.2805,0.2078,0.1955,0.3406,0.2376,0.2938,0.1521,0.3163,0.1762,0.2295,0.2063,0.1968,0.2768,0.2859,0.2167,0.2104
2023-02-23,0.2348,0.3076,0.2458,0.283,0.2151,0.1983,0.3348,0.2261,0.3002,0.1509,0.313,0.1793,0.2358,0.2022,0.2015,0.2626,0.2855,0.2064,0.2083
2023-02-24,0.2454,0.3144,0.2505,0.2859,0.218,0.2041,0.3314,0.2292,0.3012,0.1508,0.3133,0.1785,0.2366,0.2065,0.2034,0.2744,0.2855,0.2099,0.2051
2023-02-27,0.2295,0.3042,0.2412,0.2771,0.2149,0.1975,0.3291,0.2044,0.3179,0.1439,0.308,0.1785,0.2359,0.2033,0.1992,0.2685,0.2812,0.2174,0.2043
2023-02-28,0.2288,0.3021,0.2489,0.2767,0.2209,0.1983,0.331,0.2116,0.3123,0.134,0.3064,0.1804,0.2361,0.1954,0.2036,0.2715,0.2846,0.2169,0.2051
2023-03-01,0.2243,0.3042,0.2552,0.2736,0.2242,0.1992,0.3307,0.2143,0.3092,0.1362,0.3127,0.1775,0.2392,0.2005,0.2078,0.2645,0.2958,0.2094,0.1986
2023-03-02,0.2437,0.3042,0.2603,0.2715,0.2223,0.1997,0.3239,0.2259,0.307,0.14,0.3214,0.1777,0.2331,0.2,0.2097,0.2717,0.2996,0.2052,0.1835
2023-03-03,0.2511,0.3043,0.259,0.2783,0.2242,0.1965,0.3215,0.2218,0.3122,0.1468,0.3203,0.1825,0.2218,0.2046,0.2114,0.2796,0.3064,0.2009,0.1819
2023-03-06,0.2563,0.3071,0.2642,0.2788,0.2279,0.203,0.3293,0.2265,0.3074,0.1529,0.3289,0.1873,0.212,0.2087,0.2135,0.2871,0.299,0.2043,0.1881
2023-03-07,0.2419,0.2957,0.256,0.2686,0.2225,0.1903,0.3402,0.2092,0.3062,0.1352,0.3047,0.1851,0.2086,0.2002,0.2119,0.2733,0.2991,0.2043,0.1944
2023-03-08,0.2494,0.3005,0.2678,0.2739,0.2169,0.1876,0.3471,0.2318,0.2946,0.1315,0.312,0.1791,0.2104,0.2007,0.2081,0.285,0.3102,0.2089,0.1956
2023-03-09,0.2511,0.3031,0.2676,0.274,0.2187,0.1849,0.3436,0.2343,0.2944,0.1313,0.3162,0.1759,0.2115,0.2091,0.2046,0.2843,0.3129,0.2029,0.194
2023-03-10,0.2706,0.3089,0.2754,0.2712,0.2161,0.1883,0.3384,0.2412,0.2929,0.1354,0.3252,0.1742,0.2109,0.216,0.2022,0.2932,0.316,0.2059,0.1924
2023-03-13,0.2663,0.3069,0.2731,0.2765,0.2174,0.1889,0.337,0.2369,0.2959,0.1319,0.3306,0.167,0.2098,0.2124,0.2037,0.2917,0.3176,0.2168,0.1958
2023-03-14,0.2603,0.3078,0.2658,0.2757,0.2161,0.1898,0.3454,0.2275,0.2912,0.1266,0.3212,0.1693,0.2096,0.2062,0.2008,0.2925,0.3113,0.2212,0.2012
2023-03-15,0.2483,0.3005,0.2623,0.2717,0.2151,0.1852,0.354,0.2183,0.2953,0.1189,0.306,0.167,0.2088,0.203,0.2035,0.2776,0.3092,0.218,0.2081
2023-03-16,0.2451,0.2974,0.2619,0.2693,0.2203,0.1869,0.3457,0.2299,0.2879,0.1155,0.3122,0.1678,0.2146,0.1993,0.2078,0.2747,0.3106,0.2186,0.2019
2023-03-17,0.2468,0.3038,0.2536,0.2676,0.2215,0.1829,0.345,0.2235,0.2915,0.1131,0.3186,0.1694,0.211,0.2037,0.2125,0.277,0.3207,0.216,0.1979
2023-03-20,0.2502,0.303,0.2584,0.2618,0.2237,0.1825,0.3373,0.232,0.2904,0.1057,0.3234,0.1712,0.2091,0.2025,0.2146,0.2828,0.3227,0.2211,0.1899
2023-03-21,0.2438,0.2893,0.2472,0.2557,0.2175,0.1766,0.3291,0.2187,0.2901,0.0937000000000001,0.3137,0.1725,0.2068,0.1983,0.2097,0.2754,0.3159,0.2188,0.1891
2023-03-22,0.2414,0.2903,0.2444,0.2589,0.2183,0.1803,0.3329,0.2212,0.284,0.0896,0.3105,0.1705,0.2026,0.2005,0.2076,0.2807,0.3149,0.2182,0.1893
2023-03-23,0.2372,0.2879,0.2457,0.2595,0.2225,0.1793,0.333,0.2213,0.2919,0.0873,0.3066,0.1732,0.2001,0.2015,0.2124,0.2738,0.3124,0.2153,0.1879
2023-03-24,0.2464,0.2921,0.2504,0.2547,0.2222,0.1836,0.3265,0.2304,0.2936,0.0913,0.308,0.1767,0.2037,0.1978,0.2111,0.2751,0.3132,0.2131,0.1868
2023-03-27,0.2553,0.2924,0.2529,0.2563,0.2237,0.1826,0.3228,0.2395,0.2948,0.1024,0.304,0.1774,0.2063,0.2079,0.2124,0.2796,0.3204,0.2207,0.1876
2023-03-28,0.2573,0.2934,0.2574,0.2541,0.2222,0.1791,0.3187,0.2415,0.2883,0.0989,0.3047,0.1785,0.2074,0.2081,0.2114,0.2828,0.3213,0.2217,0.1826
2023-03-29,0.261,0.2971,0.2741,0.2511,0.232,0.1745,0.3186,0.2463,0.286,0.0982,0.3069,0.1755,0.2057,0.2124,0.2193,0.2797,0.3262,0.2238,0.1937
2023-03-30,0.2693,0.3009,0.2795,0.2542,0.2415,0.1728,0.3193,0.2594,0.2864,0.1011,0.3159,0.1689,0.2076,0.2138,0.2242,0.2849,0.3243,0.2289,0.191
2023-03-31,0.2809,0.3041,0.2772,0.2584,0.2421,0.1733,0.3192,0.2548,0.2982,0.1016,0.3231,0.1675,0.2071,0.2251,0.2251,0.2882,0.3239,0.23,0.19
2023-04-03,0.2888,0.3057,0.2772,0.2605,0.2338,0.1815,0.3214,0.2652,0.2956,0.1088,0.3295,0.1713,0.2078,0.2263,0.2183,0.2986,0.3184,0.228,0.1901
2023-04-04,0.2781,0.3016,0.2657,0.2543,0.2233,0.1745,0.3213,0.2517,0.2939,0.1146,0.3162,0.1693,0.2084,0.2258,0.2137,0.2884,0.3188,0.2228,0.1895
2023-04-05,0.2716,0.3039,0.2633,0.2542,0.2237,0.1744,0.3212,0.2512,0.2858,0.1076,0.3152,0.1646,0.2096,0.2247,0.2161,0.2932,0.3203,0.2182,0.1919
2023-04-06,0.2533,0.2965,0.2516,0.2569,0.2283,0.1704,0.3198,0.2398,0.2841,0.1083,0.3038,0.1658,0.2085,0.2185,0.2203,0.2801,0.3254,0.2126,0.1937
2023-04-10,0.2545,0.2956,0.2526,0.2564,0.23,0.179,0.3221,0.242,0.269,0.1046,0.3036,0.1673,0.2091,0.2191,0.2219,0.2901,0.3233,0.2147,0.1989
2023-04-11,0.2337,0.2878,0.2502,0.2524,0.2302,0.1746,0.3228,0.2302,0.2676,0.0976000000000001,0.2961,0.1634,0.2031,0.2089,0.2206,0.2816,0.3201,0.2177,0.197
2023-04-12,0.2347,0.2907,0.2598,0.2521,0.2323,0.175,0.3168,0.2451,0.262,0.1007,0.2982,0.1556,0.2057,0.2007,0.2198,0.2783,0.3298,0.2109,0.1932
2023-04-13,0.2287,0.2911,0.2665,0.2523,0.2356,0.174,0.3131,0.2471,0.2621,0.0994999999999999,0.2874,0.149,0.2043,0.197,0.2234,0.2724,0.3409,0.2049,0.1931
2023-04-14,0.2402,0.2927,0.271,0.2476,0.2321,0.1766,0.312,0.2524,0.2577,0.0988000000000001,0.2867,0.1535,0.2027,0.1941,0.2227,0.2844,0.3447,0.2103,0.1868
2023-04-17,0.2329,0.289,0.2647,0.2486,0.2355,0.1757,0.3132,0.2429,0.2548,0.0956,0.286,0.1579,0.2021,0.183,0.2224,0.2834,0.3464,0.2113,0.1876
2023-04-18,0.2408,0.2914,0.2685,0.2524,0.2393,0.1802,0.3171,0.2533,0.2459,0.1106,0.2935,0.1593,0.2037,0.18,0.2225,0.2921,0.339,0.2137,0.1936
2023-04-19,0.2294,0.2841,0.25,0.2388,0.2301,0.1738,0.3189,0.2335,0.2399,0.1142,0.2762,0.1546,0.2036,0.1768,0.2194,0.2793,0.3352,0.2128,0.1937
2023-04-20,0.2207,0.2876,0.251,0.2392,0.2321,0.1784,0.3192,0.2387,0.2275,0.1172,0.2775,0.1526,0.2019,0.1717,0.2182,0.2791,0.3341,0.2081,0.197
2023-04-21,0.2088,0.2931,0.2556,0.2454,0.23,0.175,0.3154,0.2411,0.2276,0.1198,0.2817,0.1476,0.2052,0.1718,0.2201,0.2726,0.3334,0.1999,0.1977
2023-04-24,0.2156,0.2979,0.2622,0.241,0.2254,0.176,0.3057,0.2494,0.2297,0.1178,0.278,0.1509,0.2045,0.1682,0.2202,0.2764,0.3346,0.1959,0.1949
2023-04-25,0.2196,0.298,0.2643,0.2465,0.2299,0.1746,0.2993,0.2554,0.2298,0.1212,0.2763,0.15,0.2078,0.1655,0.2231,0.279,0.3333,0.1957,0.192
2023-04-26,0.2194,0.3034,0.2679,0.2486,0.2253,0.1799,0.2997,0.2554,0.2258,0.1247,0.2706,0.1507,0.2077,0.1599,0.2205,0.2826,0.3298,0.198,0.1912
2023-04-27,0.2111,0.2983,0.2718,0.2453,0.2268,0.1784,0.3043,0.2489,0.224,0.1209,0.2555,0.1553,0.2068,0.1539,0.2221,0.2701,0.3243,0.1965,0.1968
2023-04-28,0.2138,0.2983,0.2816,0.2501,0.2328,0.1791,0.3056,0.2697,0.2119,0.1163,0.2587,0.1558,0.208,0.1434,0.2253,0.275,0.3257,0.1992,0.1938
2023-05-01,0.2234,0.3065,0.2845,0.2524,0.2375,0.1767,0.3057,0.2742,0.2103,0.1246,0.267,0.1538,0.2066,0.1424,0.2289,0.2815,0.3353,0.1999,0.1872
2023-05-02,0.2328,0.3094,0.288,0.2469,0.2395,0.1784,0.3053,0.2768,0.2017,0.1256,0.2698,0.1497,0.2087,0.1328,0.2255,0.2866,0.3312,0.2053,0.1775
2023-05-03,0.2346,0.3088,0.2814,0.2465,0.2381,0.1763,0.3073,0.2689,0.2025,0.13,0.2577,0.1495,0.2089,0.1303,0.2256,0.2872,0.334,0.2063,0.1809
2023-05-04,0.2309,0.3105,0.2733,0.2508,0.2343,0.1779,0.318,0.2708,0.1974,0.1379,0.2597,0.1493,0.206,0.1287,0.2239,0.2922,0.3247,0.2075,0.1833
2023-05-05,0.2135,0.3002,0.2596,0.2487,0.2394,0.1753,0.3233,0.2487,0.2065,0.1358,0.2499,0.1528,0.2006,0.1208,0.231,0.2754,0.3182,0.2025,0.1846
2023-05-08,0.2087,0.3022,0.267,0.2539,0.243,0.1816,0.317,0.2614,0.2029,0.1363,0.2561,0.1563,0.207,0.1059,0.2336,0.2809,0.3188,0.2046,0.1839
2023-05-09,0.1949,0.2968,0.2559,0.251,0.2408,0.1765,0.3084,0.2493,0.1943,0.1252,0.2467,0.1578,0.2052,0.094,0.2282,0.274,0.3225,0.2037,0.1819
2023-05-10,0.1961,0.2974,0.2648,0.2545,0.237,0.1718,0.3034,0.2591,0.1822,0.1186,0.2388,0.154,0.2054,0.0815,0.2258,0.2818,0.3257,0.1981,0.1797
2023-05-11,0.1867,0.291,0.2726,0.2546,0.2371,0.1718,0.3009,0.2627,0.1767,0.1218,0.2345,0.15,0.2051,0.0745,0.2282,0.2764,0.3322,0.1886,0.1811
2023-05-12,0.1903,0.2949,0.2654,0.25,0.2369,0.1782,0.2984,0.264,0.1603,0.1244,0.2569,0.1483,0.2098,0.0628,0.2255,0.2797,0.3345,0.1854,0.182
2023-05-15,0.1944,0.2951,0.2639,0.2526,0.2376,0.1744,0.2981,0.2605,0.1635,0.1246,0.2937,0.1469,0.2101,0.0557,0.2268,0.2784,0.334,0.1839,0.1844
2023-05-16,0.2014,0.3019,0.2746,0.2559,0.2343,0.1774,0.2977,0.2694,0.1662,0.1349,0.3088,0.1537,0.2155,0.0553999999999999,0.2232,0.2804,0.331,0.1895,0.1826
2023-05-17,0.1949,0.2952,0.2693,0.2513,0.2337,0.1737,0.3051,0.2572,0.1745,0.1426,0.2875,0.1561,0.2125,0.0580000000000001,0.2216,0.2723,0.3281,0.1923,0.1876
2023-05-18,0.2048,0.2998,0.2856,0.2509,0.2422,0.1778,0.3117,0.277,0.1774,0.1466,0.2902,0.1583,0.2187,0.0634,0.23,0.2815,0.3307,0.1952,0.1921
2023-05-19,0.2042,0.3045,0.2937,0.2504,0.2481,0.1843,0.305,0.2818,0.178,0.1501,0.2933,0.164,0.2216,0.0635,0.237,0.2807,0.3312,0.1943,0.1911
2023-05-22,0.2222,0.313,0.2976,0.2506,0.2563,0.2037,0.3073,0.2933,0.1746,0.1525,0.3044,0.1665,0.2203,0.0667,0.2452,0.2963,0.3324,0.1985,0.1925
2023-05-23,0.2242,0.3072,0.292,0.246,0.2497,0.1981,0.3086,0.2891,0.1743,0.157,0.3036,0.1591,0.2191,0.0684,0.2403,0.299,0.3245,0.207,0.1958
2023-05-24,0.2154,0.2986,0.2836,0.2413,0.2455,0.1975,0.3168,0.2827,0.162,0.1548,0.292,0.1588,0.2134,0.0619,0.2358,0.2967,0.3203,0.2006,0.2011
2023-05-25,0.2072,0.2966,0.2877,0.2409,0.2468,0.1933,0.328,0.2835,0.1651,0.1597,0.287,0.1537,0.2151,0.0628000000000001,0.2386,0.2872,0.3212,0.196,0.2056
2023-05-26,0.2054,0.2937,0.2845,0.2395,0.2441,0.1945,0.324,0.2808,0.1728,0.155,0.2833,0.1602,0.2137,0.0597,0.2371,0.2828,0.3178,0.1925,0.202
2023-05-30,0.206,0.2935,0.283,0.2424,0.2441,0.191,0.3161,0.2741,0.1818,0.1611,0.2873,0.1677,0.2176,0.0606,0.2376,0.2847,0.3198,0.1866,0.2039
2023-05-31,0.2062,0.2946,0.2945,0.2413,0.246,0.1964,0.3163,0.2817,0.1751,0.179,0.2954,0.1641,0.2188,0.0805,0.2368,0.2977,0.3111,0.1936,0.2037
2023-06-01,0.1967,0.2897,0.2891,0.2334,0.24,0.1896,0.3166,0.2687,0.1754,0.1716,0.285,0.1565,0.216,0.0718,0.2357,0.2854,0.306,0.1988,0.2075
2023-06-02,0.1999,0.291,0.2922,0.2342,0.2428,0.1914,0.3153,0.2851,0.1689,0.1753,0.2874,0.1497,0.2156,0.0631,0.235,0.2909,0.3034,0.2036,0.2097
2023-06-05,0.1997,0.2934,0.2904,0.2413,0.2471,0.19,0.3076,0.2854,0.1699,0.1795,0.2842,0.1467,0.2179,0.063,0.2358,0.2901,0.3027,0.1936,0.2045
2023-06-06,0.2109,0.2975,0.2914,0.233,0.2477,0.1928,0.3053,0.2898,0.1679,0.1833,0.2875,0.1469,0.2168,0.0675,0.2392,0.3045,0.306,0.1983,0.2022
2023-06-07,0.2083,0.2923,0.287,0.2309,0.2516,0.1929,0.3011,0.2823,0.1723,0.1869,0.285,0.1474,0.2206,0.0622,0.2423,0.2942,0.3071,0.2057,0.2091
2023-06-08,0.2101,0.2971,0.2956,0.2366,0.2517,0.1947,0.3085,0.2909,0.1659,0.1863,0.2867,0.1452,0.227,0.0626,0.2409,0.298,0.3023,0.2062,0.2197
2023-06-09,0.2031,0.2896,0.2906,0.2328,0.2494,0.1881,0.3123,0.2828,0.1602,0.1826,0.2762,0.1422,0.2274,0.0691000000000001,0.2381,0.2825,0.3016,0.2043,0.2277
2023-06-12,0.2167,0.2891,0.3008,0.2364,0.2512,0.1903,0.308,0.305,0.1523,0.1843,0.285,0.1379,0.2288,0.0673,0.2383,0.2851,0.3066,0.205,0.2193
2023-06-13,0.2188,0.2939,0.3011,0.2406,0.253,0.1916,0.3067,0.3038,0.1603,0.1944,0.2892,0.1288,0.2234,0.0714,0.242,0.2879,0.3179,0.2,0.2163
2023-06-14,0.2311,0.301,0.307,0.2408,0.2507,0.1985,0.3103,0.3125,0.1676,0.2048,0.3024,0.1263,0.2243,0.0741,0.2406,0.2992,0.313,0.203,0.2169
2023-06-15,0.2227,0.2937,0.2972,0.2363,0.2507,0.2009,0.3066,0.3058,0.1697,0.2049,0.2892,0.1279,0.2196,0.0741999999999999,0.2413,0.2935,0.3076,0.2023,0.2218
2023-06-16,0.2248,0.2961,0.3007,0.2352,0.2481,0.2078,0.3161,0.318,0.1633,0.2108,0.2862,0.1262,0.2242,0.075,0.2382,0.3061,0.3068,0.2079,0.2298
2023-06-20,0.2174,0.2912,0.3001,0.2325,0.2518,0.2049,0.3178,0.3161,0.1666,0.2015,0.2844,0.1304,0.2251,0.0750000000000001,0.2406,0.2948,0.2994,0.2077,0.2321
2023-06-21,0.2328,0.303,0.3046,0.2314,0.255,0.2083,0.3082,0.3298,0.1651,0.2066,0.2965,0.1271,0.2293,0.0730999999999999,0.2442,0.2988,0.2992,0.2077,0.2302
2023-06-22,0.2386,0.313,0.2974,0.2305,0.2506,0.2143,0.3069,0.3281,0.1745,0.2082,0.3036,0.1229,0.2262,0.0831000000000001,0.2424,0.3001,0.3029,0.2186,0.2349
2023-06-23,0.2387,0.3086,0.2876,0.2245,0.2418,0.2143,0.3116,0.316,0.174,0.2064,0.3012,0.1249,0.222,0.0789,0.2344,0.2984,0.2986,0.2243,0.236
2023-06-26,0.2298,0.3047,0.2937,0.2257,0.2459,0.2179,0.3181,0.3114,0.1782,0.2039,0.295,0.1225,0.2224,0.0772,0.237,0.2911,0.3003,0.2221,0.2478
2023-06-27,0.2307,0.3063,0.2912,0.2287,0.2521,0.2198,0.3172,0.3158,0.1828,0.2115,0.2968,0.1201,0.223,0.0736,0.2409,0.2843,0.298,0.2213,0.2444
2023-06-28,0.2295,0.3029,0.2934,0.2331,0.2522,0.2153,0.3128,0.3039,0.1945,0.2139,0.2925,0.125,0.2212,0.0804,0.2429,0.2818,0.3007,0.2198,0.2414
2023-06-29,0.2274,0.3091,0.2962,0.2394,0.2555,0.2249,0.3127,0.3194,0.1949,0.2186,0.3009,0.1307,0.2223,0.0814,0.2435,0.2861,0.3042,0.2211,0.2443
